k,Outcome_label,period,time_bin_left,time_bin_right,time_bin_mid,time_bin,n_obs,n_subjects,sws_q25,sws_median,sws_mean,sws_q75
1,FTB,Prepartum,-24,-22,-23,"[-24.0,-22.0)",8,8,1.908945,2.182325,2.30631625,2.6601375000000003
1,FTB,Prepartum,-22,-20,-21,"[-22.0,-20.0)",108,108,1.9862975,2.51809,2.595353240740741,3.2201224999999996
1,FTB,Prepartum,-20,-18,-19,"[-20.0,-18.0)",216,216,1.9175550000000001,2.318085,2.4293288425925925,2.8868300000000002
1,FTB,Prepartum,-18,-16,-17,"[-18.0,-16.0)",176,176,1.726475,2.06093,2.1980815909090907,2.625165
1,FTB,Prepartum,-16,-14,-15,"[-16.0,-14.0)",172,172,1.6287625000000001,1.97925,2.0977947093023257,2.374185
1,FTB,Prepartum,-14,-12,-13,"[-14.0,-12.0)",105,105,1.56829,1.96925,2.141922,2.61647
1,FTB,Prepartum,-12,-10,-11,"[-12.0,-10.0)",31,31,1.613515,2.05035,2.1092103225806453,2.5321949999999998
1,FTB,Prepartum,-10,-8,-9,"[-10.0,-8.0)",11,11,1.646575,1.8044,1.8016,1.98332
1,FTB,Prepartum,-8,-6,-7,"[-8.0,-6.0)",7,7,1.423355,1.7522,1.7293142857142856,1.83683
1,FTB,Prepartum,-6,-4,-5,"[-6.0,-4.0)",3,3,1.45152,1.52618,1.60851,1.724335
1,FTB,Postpartum,4,6,5,"[4.0,6.0)",4,4,3.132935,3.6215725,3.5090065,3.997644
1,FTB,Postpartum,6,8,7,"[6.0,8.0)",24,24,2.9506765,3.420208,3.421609666666667,3.895045
1,FTB,Postpartum,8,10,9,"[8.0,10.0)",6,6,3.13752675,3.4978805,3.5344868333333332,4.011367
1,FTB,Postpartum,12,14,13,"[12.0,14.0)",8,8,2.9942080000000004,3.215834,3.3900705,3.6481209999999997
1,FTB,Postpartum,14,16,15,"[14.0,16.0)",12,12,2.6592905,3.027723,3.119373583333333,3.3059647500000002
1,FTB,Postpartum,16,18,17,"[16.0,18.0)",1,1,4.128421,4.128421,4.128421,4.128421
1,FTB,Postpartum,24,26,25,"[24.0,26.0)",2,2,2.7655024999999998,2.9738689999999997,2.9738689999999997,3.1822355
1,FTB,Postpartum,26,28,27,"[26.0,28.0)",11,11,2.8936605,3.158801,3.0945204545454548,3.1908835
1,FTB,Postpartum,28,30,29,"[28.0,30.0)",1,1,4.131779,4.131779,4.131779,4.131779
1,FTB,Postpartum,30,32,31,"[30.0,32.0)",2,2,3.5894285000000004,3.675975,3.675975,3.7625215
1,FTB,Postpartum,32,34,33,"[32.0,34.0)",1,1,3.71426,3.71426,3.71426,3.71426
1,FTB,Postpartum,34,36,35,"[34.0,36.0)",1,1,3.38197,3.38197,3.38197,3.38197
1,FTB,Postpartum,36,38,37,"[36.0,38.0)",1,1,3.812707,3.812707,3.812707,3.812707
1,FTB,Postpartum,38,40,39,"[38.0,40.0)",4,4,3.3804852499999996,3.8045419999999996,3.5100875,3.9341442499999997
1,FTB,Postpartum,40,42,41,"[40.0,42.0)",6,6,2.9781435,3.207904,3.1302891666666666,3.54823475
1,FTB,Postpartum,42,44,43,"[42.0,44.0)",2,2,3.17258075,3.2358725,3.2358725,3.29916425
1,FTB,Postpartum,44,46,45,"[44.0,46.0)",1,1,2.663547,2.663547,2.663547,2.663547
1,FTB,Postpartum,48,50,49,"[48.0,50.0)",1,1,2.91082,2.91082,2.91082,2.91082
1,FTB,Postpartum,50,52,51,"[50.0,52.0)",3,3,3.241694,3.414548,3.3154019999999997,3.438683
1,FTB,Postpartum,52,54,53,"[52.0,54.0)",5,5,2.952814,3.250316,3.4484848,3.39502
1,FTB,Postpartum,54,56,55,"[54.0,56.0)",4,4,2.3213945000000002,2.685853,2.5685925,2.933051
1,sPTB,Prepartum,-20,-18,-19,"[-20.0,-18.0)",2,2,2.42313,2.43493,2.43493,2.44673
1,sPTB,Prepartum,-18,-16,-17,"[-18.0,-16.0)",17,17,1.66847,1.99733,2.2528123529411763,2.7427
1,sPTB,Prepartum,-16,-14,-15,"[-16.0,-14.0)",27,27,1.9969800000000002,2.41197,2.3893196296296297,2.731135
1,sPTB,Prepartum,-14,-12,-13,"[-14.0,-12.0)",24,24,1.654485,2.02816,2.1150758333333335,2.3622924999999997
1,sPTB,Prepartum,-12,-10,-11,"[-12.0,-10.0)",21,21,1.64802,2.12359,2.3120980952380954,2.79142
1,sPTB,Prepartum,-10,-8,-9,"[-10.0,-8.0)",8,8,1.3835425000000001,1.71524,1.7526362500000001,1.9459799999999998
1,sPTB,Prepartum,-8,-6,-7,"[-8.0,-6.0)",6,6,1.6610925,2.181095,2.0774533333333336,2.4328600000000002
1,sPTB,Prepartum,-6,-4,-5,"[-6.0,-4.0)",3,3,1.59254,1.87571,1.8680366666666666,2.14737
1,sPTB,Prepartum,-4,-2,-3,"[-4.0,-2.0)",2,2,1.66669,1.78553,1.78553,1.9043700000000001
1,sPTB,Prepartum,-2,0,-1,"[-2.0,0.0)",9,9,1.49265,1.54758,1.6342833333333333,1.84371
1,sPTB,Postpartum,6,8,7,"[6.0,8.0)",9,9,3.33414,3.698894,3.821656,4.329331
1,sPTB,Postpartum,8,10,9,"[8.0,10.0)",2,2,2.63444175,2.6613854999999997,2.6613854999999997,2.68832925
1,sPTB,Postpartum,12,14,13,"[12.0,14.0)",1,1,3.988905,3.988905,3.988905,3.988905
1,sPTB,Postpartum,14,16,15,"[14.0,16.0)",2,2,3.2799115,4.193372,4.193372,5.1068325
1,sPTB,Postpartum,16,18,17,"[16.0,18.0)",1,1,3.425857,3.425857,3.425857,3.425857
1,sPTB,Postpartum,26,28,27,"[26.0,28.0)",2,2,3.4765474999999997,3.6368359999999997,3.6368359999999997,3.7971245000000002
1,sPTB,Postpartum,28,30,29,"[28.0,30.0)",2,2,2.9705445,2.999497,2.999497,3.0284495000000002
1,sPTB,Postpartum,38,40,39,"[38.0,40.0)",1,1,3.561299,3.561299,3.561299,3.561299
1,sPTB,Postpartum,42,44,43,"[42.0,44.0)",1,1,2.575475,2.575475,2.575475,2.575475
1,sPTB,Postpartum,48,50,49,"[48.0,50.0)",1,1,3.947721,3.947721,3.947721,3.947721
1,sPTB,Postpartum,52,54,53,"[52.0,54.0)",1,1,2.878971,2.878971,2.878971,2.878971
1,sPTB,Postpartum,58,60,59,"[58.0,60.0)",1,1,3.254268,3.254268,3.254268,3.254268
2,FTB,Prepartum,-24,-22,-23,"[-24.0,-22.0)",8,8,1.9440175000000002,2.1688549999999998,2.298101875,2.60853
2,FTB,Prepartum,-22,-20,-21,"[-22.0,-20.0)",109,109,1.919635,2.45666,2.5621821559633027,3.188555
2,FTB,Prepartum,-20,-18,-19,"[-20.0,-18.0)",216,216,1.90980375,2.3398725000000002,2.4409289351851853,2.8687662499999997
2,FTB,Prepartum,-18,-16,-17,"[-18.0,-16.0)",176,176,1.7401174999999998,2.08941,2.206650596590909,2.59682125
2,FTB,Prepartum,-16,-14,-15,"[-16.0,-14.0)",173,173,1.639805,1.95799,2.072063554913295,2.387735
2,FTB,Prepartum,-14,-12,-13,"[-14.0,-12.0)",105,105,1.62428,2.049705,2.163164476190476,2.543035
2,FTB,Prepartum,-12,-10,-11,"[-12.0,-10.0)",31,31,1.6262750000000001,2.08902,2.08508064516129,2.4775075
2,FTB,Prepartum,-10,-8,-9,"[-10.0,-8.0)",11,11,1.7054624999999999,1.837575,1.8512386363636364,1.932135
2,FTB,Prepartum,-8,-6,-7,"[-8.0,-6.0)",7,7,1.44986,1.68008,1.748575,1.87065
2,FTB,Prepartum,-6,-4,-5,"[-6.0,-4.0)",3,3,1.472185,1.495375,1.536985,1.5809799999999998
2,FTB,Postpartum,4,6,5,"[4.0,6.0)",4,4,3.132935,3.6215725,3.5090065,3.997644
2,FTB,Postpartum,6,8,7,"[6.0,8.0)",24,24,2.9506765,3.420208,3.421609666666667,3.895045
2,FTB,Postpartum,8,10,9,"[8.0,10.0)",6,6,3.13752675,3.4978805,3.5344868333333332,4.011367
2,FTB,Postpartum,12,14,13,"[12.0,14.0)",8,8,2.9942080000000004,3.215834,3.3900705,3.6481209999999997
2,FTB,Postpartum,14,16,15,"[14.0,16.0)",12,12,2.6592905,3.027723,3.119373583333333,3.3059647500000002
2,FTB,Postpartum,16,18,17,"[16.0,18.0)",1,1,4.128421,4.128421,4.128421,4.128421
2,FTB,Postpartum,24,26,25,"[24.0,26.0)",2,2,2.7655024999999998,2.9738689999999997,2.9738689999999997,3.1822355
2,FTB,Postpartum,26,28,27,"[26.0,28.0)",11,11,2.8936605,3.158801,3.0945204545454548,3.1908835
2,FTB,Postpartum,28,30,29,"[28.0,30.0)",1,1,4.131779,4.131779,4.131779,4.131779
2,FTB,Postpartum,30,32,31,"[30.0,32.0)",2,2,3.5894285000000004,3.675975,3.675975,3.7625215
2,FTB,Postpartum,32,34,33,"[32.0,34.0)",1,1,3.71426,3.71426,3.71426,3.71426
2,FTB,Postpartum,34,36,35,"[34.0,36.0)",1,1,3.38197,3.38197,3.38197,3.38197
2,FTB,Postpartum,36,38,37,"[36.0,38.0)",1,1,3.812707,3.812707,3.812707,3.812707
2,FTB,Postpartum,38,40,39,"[38.0,40.0)",4,4,3.3804852499999996,3.8045419999999996,3.5100875,3.9341442499999997
2,FTB,Postpartum,40,42,41,"[40.0,42.0)",6,6,2.9781435,3.207904,3.1302891666666666,3.54823475
2,FTB,Postpartum,42,44,43,"[42.0,44.0)",2,2,3.17258075,3.2358725,3.2358725,3.29916425
2,FTB,Postpartum,44,46,45,"[44.0,46.0)",1,1,2.663547,2.663547,2.663547,2.663547
2,FTB,Postpartum,48,50,49,"[48.0,50.0)",1,1,2.91082,2.91082,2.91082,2.91082
2,FTB,Postpartum,50,52,51,"[50.0,52.0)",3,3,3.241694,3.414548,3.3154019999999997,3.438683
2,FTB,Postpartum,52,54,53,"[52.0,54.0)",5,5,2.952814,3.250316,3.4484848,3.39502
2,FTB,Postpartum,54,56,55,"[54.0,56.0)",4,4,2.3213945000000002,2.685853,2.5685925,2.933051
2,sPTB,Prepartum,-20,-18,-19,"[-20.0,-18.0)",2,2,2.4263512499999997,2.4448075,2.4448075,2.4632637500000003
2,sPTB,Prepartum,-18,-16,-17,"[-18.0,-16.0)",17,17,1.66936,2.097355,2.2324373529411763,2.81641
2,sPTB,Prepartum,-16,-14,-15,"[-16.0,-14.0)",27,27,1.9464625,2.285485,2.378366851851852,2.8385100000000003
2,sPTB,Prepartum,-14,-12,-13,"[-14.0,-12.0)",24,24,1.7349649999999999,1.972185,2.092155,2.2194025
2,sPTB,Prepartum,-12,-10,-11,"[-12.0,-10.0)",21,21,1.613185,2.107715,2.269784761904762,2.909485
2,sPTB,Prepartum,-10,-8,-9,"[-10.0,-8.0)",8,8,1.3873324999999999,1.6665,1.687421875,1.8405325
2,sPTB,Prepartum,-8,-6,-7,"[-8.0,-6.0)",6,6,1.676705,2.0612675,2.0047458333333332,2.38359125
2,sPTB,Prepartum,-6,-4,-5,"[-6.0,-4.0)",3,3,1.710345,1.98877,1.8971033333333334,2.129695
2,sPTB,Prepartum,-4,-2,-3,"[-4.0,-2.0)",2,2,1.685295,1.7304849999999998,1.7304849999999998,1.7756750000000001
2,sPTB,Prepartum,-2,0,-1,"[-2.0,0.0)",9,9,1.623525,1.686585,1.7439783333333334,1.858125
2,sPTB,Postpartum,6,8,7,"[6.0,8.0)",9,9,3.33414,3.698894,3.821656,4.329331
2,sPTB,Postpartum,8,10,9,"[8.0,10.0)",2,2,2.63444175,2.6613854999999997,2.6613854999999997,2.68832925
2,sPTB,Postpartum,12,14,13,"[12.0,14.0)",1,1,3.988905,3.988905,3.988905,3.988905
2,sPTB,Postpartum,14,16,15,"[14.0,16.0)",2,2,3.2799115,4.193372,4.193372,5.1068325
2,sPTB,Postpartum,16,18,17,"[16.0,18.0)",1,1,3.425857,3.425857,3.425857,3.425857
2,sPTB,Postpartum,26,28,27,"[26.0,28.0)",2,2,3.4765474999999997,3.6368359999999997,3.6368359999999997,3.7971245000000002
2,sPTB,Postpartum,28,30,29,"[28.0,30.0)",2,2,2.9705445,2.999497,2.999497,3.0284495000000002
2,sPTB,Postpartum,38,40,39,"[38.0,40.0)",1,1,3.561299,3.561299,3.561299,3.561299
2,sPTB,Postpartum,42,44,43,"[42.0,44.0)",1,1,2.575475,2.575475,2.575475,2.575475
2,sPTB,Postpartum,48,50,49,"[48.0,50.0)",1,1,3.947721,3.947721,3.947721,3.947721
2,sPTB,Postpartum,52,54,53,"[52.0,54.0)",1,1,2.878971,2.878971,2.878971,2.878971
2,sPTB,Postpartum,58,60,59,"[58.0,60.0)",1,1,3.254268,3.254268,3.254268,3.254268
3,FTB,Prepartum,-24,-22,-23,"[-24.0,-22.0)",8,8,1.8749158333333327,2.25561,2.3173383333333337,2.7504866666666645
3,FTB,Prepartum,-22,-20,-21,"[-22.0,-20.0)",109,109,1.93905333333333,2.48964333333333,2.5654959785932725,3.13338666666667
3,FTB,Prepartum,-20,-18,-19,"[-20.0,-18.0)",216,216,1.9373224999999976,2.3047750000000002,2.426322839506173,2.8347891666666705
3,FTB,Prepartum,-18,-16,-17,"[-18.0,-16.0)",176,176,1.7535450000000001,2.07560666666667,2.1957972727272725,2.6170549999999975
3,FTB,Prepartum,-16,-14,-15,"[-16.0,-14.0)",173,173,1.62644333333333,1.94613,2.0736244605009633,2.35921333333333
3,FTB,Prepartum,-14,-12,-13,"[-14.0,-12.0)",105,105,1.62976666666667,2.07525333333333,2.161099523809524,2.52509666666667
3,FTB,Prepartum,-12,-10,-11,"[-12.0,-10.0)",31,31,1.66421333333333,2.13933333333333,2.107895698924731,2.427605
3,FTB,Prepartum,-10,-8,-9,"[-10.0,-8.0)",11,11,1.664276666666665,1.86400666666667,1.8260054545454536,1.915211666666665
3,FTB,Prepartum,-8,-6,-7,"[-8.0,-6.0)",7,7,1.445995,1.72854,1.7336495238095242,1.783003333333335
3,FTB,Prepartum,-6,-4,-5,"[-6.0,-4.0)",3,3,1.5227499999999998,1.55622666666667,1.53858111111111,1.5632350000000002
3,FTB,Postpartum,4,6,5,"[4.0,6.0)",4,4,3.132935,3.6215725,3.5090065,3.997644
3,FTB,Postpartum,6,8,7,"[6.0,8.0)",24,24,2.9506765,3.420208,3.421609666666667,3.895045
3,FTB,Postpartum,8,10,9,"[8.0,10.0)",6,6,3.13752675,3.4978805,3.5344868333333332,4.011367
3,FTB,Postpartum,12,14,13,"[12.0,14.0)",8,8,2.9942080000000004,3.215834,3.3900705,3.6481209999999997
3,FTB,Postpartum,14,16,15,"[14.0,16.0)",12,12,2.6592905,3.027723,3.119373583333333,3.3059647500000002
3,FTB,Postpartum,16,18,17,"[16.0,18.0)",1,1,4.128421,4.128421,4.128421,4.128421
3,FTB,Postpartum,24,26,25,"[24.0,26.0)",2,2,2.7655024999999998,2.9738689999999997,2.9738689999999997,3.1822355
3,FTB,Postpartum,26,28,27,"[26.0,28.0)",11,11,2.8936605,3.158801,3.0945204545454548,3.1908835
3,FTB,Postpartum,28,30,29,"[28.0,30.0)",1,1,4.131779,4.131779,4.131779,4.131779
3,FTB,Postpartum,30,32,31,"[30.0,32.0)",2,2,3.5894285000000004,3.675975,3.675975,3.7625215
3,FTB,Postpartum,32,34,33,"[32.0,34.0)",1,1,3.71426,3.71426,3.71426,3.71426
3,FTB,Postpartum,34,36,35,"[34.0,36.0)",1,1,3.38197,3.38197,3.38197,3.38197
3,FTB,Postpartum,36,38,37,"[36.0,38.0)",1,1,3.812707,3.812707,3.812707,3.812707
3,FTB,Postpartum,38,40,39,"[38.0,40.0)",4,4,3.3804852499999996,3.8045419999999996,3.5100875,3.9341442499999997
3,FTB,Postpartum,40,42,41,"[40.0,42.0)",6,6,2.9781435,3.207904,3.1302891666666666,3.54823475
3,FTB,Postpartum,42,44,43,"[42.0,44.0)",2,2,3.17258075,3.2358725,3.2358725,3.29916425
3,FTB,Postpartum,44,46,45,"[44.0,46.0)",1,1,2.663547,2.663547,2.663547,2.663547
3,FTB,Postpartum,48,50,49,"[48.0,50.0)",1,1,2.91082,2.91082,2.91082,2.91082
3,FTB,Postpartum,50,52,51,"[50.0,52.0)",3,3,3.241694,3.414548,3.3154019999999997,3.438683
3,FTB,Postpartum,52,54,53,"[52.0,54.0)",5,5,2.952814,3.250316,3.4484848,3.39502
3,FTB,Postpartum,54,56,55,"[54.0,56.0)",4,4,2.3213945000000002,2.685853,2.5685925,2.933051
3,sPTB,Prepartum,-20,-18,-19,"[-20.0,-18.0)",2,2,2.49556166666667,2.50728666666667,2.50728666666667,2.51901166666667
3,sPTB,Prepartum,-18,-16,-17,"[-18.0,-16.0)",17,17,1.72508666666667,2.0335,2.22904431372549,2.78745
3,sPTB,Prepartum,-16,-14,-15,"[-16.0,-14.0)",27,27,1.94993166666667,2.31245,2.3755512345679013,2.726651666666665
3,sPTB,Prepartum,-14,-12,-13,"[-14.0,-12.0)",24,24,1.76011333333333,2.054036666666665,2.115560833333333,2.3201108333333327
3,sPTB,Prepartum,-12,-10,-11,"[-12.0,-10.0)",21,21,1.51541333333333,2.14687333333333,2.2441057142857144,2.91642
3,sPTB,Prepartum,-10,-8,-9,"[-10.0,-8.0)",8,8,1.437526666666665,1.642695,1.6715670833333325,1.7842383333333325
3,sPTB,Prepartum,-8,-6,-7,"[-8.0,-6.0)",6,6,1.6850874999999974,2.022785,1.983115555555555,2.3551200000000025
3,sPTB,Prepartum,-6,-4,-5,"[-6.0,-4.0)",3,3,1.745278333333335,1.98977,1.8840044444444468,2.075613333333335
3,sPTB,Prepartum,-4,-2,-3,"[-4.0,-2.0)",2,2,1.7118233333333301,1.7530633333333299,1.7530633333333299,1.79430333333333
3,sPTB,Prepartum,-2,0,-1,"[-2.0,0.0)",9,9,1.59046,1.68068666666667,1.7252244444444444,1.86604333333333
3,sPTB,Postpartum,6,8,7,"[6.0,8.0)",9,9,3.33414,3.698894,3.821656,4.329331
3,sPTB,Postpartum,8,10,9,"[8.0,10.0)",2,2,2.63444175,2.6613854999999997,2.6613854999999997,2.68832925
3,sPTB,Postpartum,12,14,13,"[12.0,14.0)",1,1,3.988905,3.988905,3.988905,3.988905
3,sPTB,Postpartum,14,16,15,"[14.0,16.0)",2,2,3.2799115,4.193372,4.193372,5.1068325
3,sPTB,Postpartum,16,18,17,"[16.0,18.0)",1,1,3.425857,3.425857,3.425857,3.425857
3,sPTB,Postpartum,26,28,27,"[26.0,28.0)",2,2,3.4765474999999997,3.6368359999999997,3.6368359999999997,3.7971245000000002
3,sPTB,Postpartum,28,30,29,"[28.0,30.0)",2,2,2.9705445,2.999497,2.999497,3.0284495000000002
3,sPTB,Postpartum,38,40,39,"[38.0,40.0)",1,1,3.561299,3.561299,3.561299,3.561299
3,sPTB,Postpartum,42,44,43,"[42.0,44.0)",1,1,2.575475,2.575475,2.575475,2.575475
3,sPTB,Postpartum,48,50,49,"[48.0,50.0)",1,1,3.947721,3.947721,3.947721,3.947721
3,sPTB,Postpartum,52,54,53,"[52.0,54.0)",1,1,2.878971,2.878971,2.878971,2.878971
3,sPTB,Postpartum,58,60,59,"[58.0,60.0)",1,1,3.254268,3.254268,3.254268,3.254268
4,FTB,Prepartum,-24,-22,-23,"[-24.0,-22.0)",8,8,2.030916875,2.2925312499999997,2.3506665625,2.735311875
4,FTB,Prepartum,-22,-20,-21,"[-22.0,-20.0)",109,109,1.974645,2.4827025,2.5628667278287462,3.09143
4,FTB,Prepartum,-20,-18,-19,"[-20.0,-18.0)",216,216,1.948,2.3253475000000003,2.424069212962963,2.83505375
4,FTB,Prepartum,-18,-16,-17,"[-18.0,-16.0)",176,176,1.7311762499999999,2.0868975,2.18922796875,2.557819375
4,FTB,Prepartum,-16,-14,-15,"[-16.0,-14.0)",173,173,1.654085,1.977085,2.065892605973025,2.33428
4,FTB,Prepartum,-14,-12,-13,"[-14.0,-12.0)",105,105,1.62203,2.03778,2.1446700714285716,2.4446275
4,FTB,Prepartum,-12,-10,-11,"[-12.0,-10.0)",31,31,1.7154137500000002,2.0850375,2.106911370967742,2.34490875
4,FTB,Prepartum,-10,-8,-9,"[-10.0,-8.0)",11,11,1.6342287500000001,1.8523325,1.8253988636363636,1.9428787500000002
4,FTB,Prepartum,-8,-6,-7,"[-8.0,-6.0)",7,7,1.48896125,1.6990575,1.7291239285714286,1.76782
4,FTB,Prepartum,-6,-4,-5,"[-6.0,-4.0)",3,3,1.523225,1.52606,1.5320408333333333,1.53786625
4,FTB,Postpartum,4,6,5,"[4.0,6.0)",4,4,3.132935,3.6215725,3.5090065,3.997644
4,FTB,Postpartum,6,8,7,"[6.0,8.0)",24,24,2.9506765,3.420208,3.421609666666667,3.895045
4,FTB,Postpartum,8,10,9,"[8.0,10.0)",6,6,3.13752675,3.4978805,3.5344868333333332,4.011367
4,FTB,Postpartum,12,14,13,"[12.0,14.0)",8,8,2.9942080000000004,3.215834,3.3900705,3.6481209999999997
4,FTB,Postpartum,14,16,15,"[14.0,16.0)",12,12,2.6592905,3.027723,3.119373583333333,3.3059647500000002
4,FTB,Postpartum,16,18,17,"[16.0,18.0)",1,1,4.128421,4.128421,4.128421,4.128421
4,FTB,Postpartum,24,26,25,"[24.0,26.0)",2,2,2.7655024999999998,2.9738689999999997,2.9738689999999997,3.1822355
4,FTB,Postpartum,26,28,27,"[26.0,28.0)",11,11,2.8936605,3.158801,3.0945204545454548,3.1908835
4,FTB,Postpartum,28,30,29,"[28.0,30.0)",1,1,4.131779,4.131779,4.131779,4.131779
4,FTB,Postpartum,30,32,31,"[30.0,32.0)",2,2,3.5894285000000004,3.675975,3.675975,3.7625215
4,FTB,Postpartum,32,34,33,"[32.0,34.0)",1,1,3.71426,3.71426,3.71426,3.71426
4,FTB,Postpartum,34,36,35,"[34.0,36.0)",1,1,3.38197,3.38197,3.38197,3.38197
4,FTB,Postpartum,36,38,37,"[36.0,38.0)",1,1,3.812707,3.812707,3.812707,3.812707
4,FTB,Postpartum,38,40,39,"[38.0,40.0)",4,4,3.3804852499999996,3.8045419999999996,3.5100875,3.9341442499999997
4,FTB,Postpartum,40,42,41,"[40.0,42.0)",6,6,2.9781435,3.207904,3.1302891666666666,3.54823475
4,FTB,Postpartum,42,44,43,"[42.0,44.0)",2,2,3.17258075,3.2358725,3.2358725,3.29916425
4,FTB,Postpartum,44,46,45,"[44.0,46.0)",1,1,2.663547,2.663547,2.663547,2.663547
4,FTB,Postpartum,48,50,49,"[48.0,50.0)",1,1,2.91082,2.91082,2.91082,2.91082
4,FTB,Postpartum,50,52,51,"[50.0,52.0)",3,3,3.241694,3.414548,3.3154019999999997,3.438683
4,FTB,Postpartum,52,54,53,"[52.0,54.0)",5,5,2.952814,3.250316,3.4484848,3.39502
4,FTB,Postpartum,54,56,55,"[54.0,56.0)",4,4,2.3213945000000002,2.685853,2.5685925,2.933051
4,sPTB,Prepartum,-20,-18,-19,"[-20.0,-18.0)",2,2,2.536541875,2.54217625,2.54217625,2.547810625
4,sPTB,Prepartum,-18,-16,-17,"[-18.0,-16.0)",17,17,1.730075,2.03365,2.2130960294117648,2.7092875
4,sPTB,Prepartum,-16,-14,-15,"[-16.0,-14.0)",27,27,1.8944625,2.3215475,2.380167222222222,2.77229
4,sPTB,Prepartum,-14,-12,-13,"[-14.0,-12.0)",24,24,1.81990125,2.092535,2.1399970833333333,2.3810287500000005
4,sPTB,Prepartum,-12,-10,-11,"[-12.0,-10.0)",21,21,1.5009175,2.220235,2.2435565476190478,2.913155
4,sPTB,Prepartum,-10,-8,-9,"[-10.0,-8.0)",8,8,1.464788125,1.640115,1.671435,1.7664668749999999
4,sPTB,Prepartum,-8,-6,-7,"[-8.0,-6.0)",6,6,1.6388243750000002,1.9555962500000001,1.9633375,2.363035625
4,sPTB,Prepartum,-6,-4,-5,"[-6.0,-4.0)",3,3,1.7311912500000002,1.945505,1.8781408333333334,2.0587725
4,sPTB,Prepartum,-4,-2,-3,"[-4.0,-2.0)",2,2,1.706906875,1.8066637500000002,1.8066637500000002,1.9064206250000002
4,sPTB,Prepartum,-2,0,-1,"[-2.0,0.0)",9,9,1.5228725,1.760355,1.7244502777777777,1.8206675
4,sPTB,Postpartum,6,8,7,"[6.0,8.0)",9,9,3.33414,3.698894,3.821656,4.329331
4,sPTB,Postpartum,8,10,9,"[8.0,10.0)",2,2,2.63444175,2.6613854999999997,2.6613854999999997,2.68832925
4,sPTB,Postpartum,12,14,13,"[12.0,14.0)",1,1,3.988905,3.988905,3.988905,3.988905
4,sPTB,Postpartum,14,16,15,"[14.0,16.0)",2,2,3.2799115,4.193372,4.193372,5.1068325
4,sPTB,Postpartum,16,18,17,"[16.0,18.0)",1,1,3.425857,3.425857,3.425857,3.425857
4,sPTB,Postpartum,26,28,27,"[26.0,28.0)",2,2,3.4765474999999997,3.6368359999999997,3.6368359999999997,3.7971245000000002
4,sPTB,Postpartum,28,30,29,"[28.0,30.0)",2,2,2.9705445,2.999497,2.999497,3.0284495000000002
4,sPTB,Postpartum,38,40,39,"[38.0,40.0)",1,1,3.561299,3.561299,3.561299,3.561299
4,sPTB,Postpartum,42,44,43,"[42.0,44.0)",1,1,2.575475,2.575475,2.575475,2.575475
4,sPTB,Postpartum,48,50,49,"[48.0,50.0)",1,1,3.947721,3.947721,3.947721,3.947721
4,sPTB,Postpartum,52,54,53,"[52.0,54.0)",1,1,2.878971,2.878971,2.878971,2.878971
4,sPTB,Postpartum,58,60,59,"[58.0,60.0)",1,1,3.254268,3.254268,3.254268,3.254268
5,FTB,Prepartum,-24,-22,-23,"[-24.0,-22.0)",8,8,1.9691584999999998,2.230045,2.310063,2.7318465
5,FTB,Prepartum,-22,-20,-21,"[-22.0,-20.0)",109,109,1.992538,2.451436,2.5682391834862384,3.099844
5,FTB,Prepartum,-20,-18,-19,"[-20.0,-18.0)",216,216,1.954031,2.323725,2.4213666666666667,2.8123299999999998
5,FTB,Prepartum,-18,-16,-17,"[-18.0,-16.0)",176,176,1.707384,2.07346,2.190472738636364,2.5912395000000004
5,FTB,Prepartum,-16,-14,-15,"[-16.0,-14.0)",173,173,1.652334,1.967226,2.070469335260116,2.33952
5,FTB,Prepartum,-14,-12,-13,"[-14.0,-12.0)",105,105,1.617068,2.06062,2.1341199428571427,2.457242
5,FTB,Prepartum,-12,-10,-11,"[-12.0,-10.0)",31,31,1.7445249999999999,2.028238,2.1141212903225806,2.3823049999999997
5,FTB,Prepartum,-10,-8,-9,"[-10.0,-8.0)",11,11,1.5836640000000002,1.83709,1.8035038181818182,1.9254280000000001
5,FTB,Prepartum,-8,-6,-7,"[-8.0,-6.0)",7,7,1.5342889999999998,1.69018,1.7460508571428572,1.762391
5,FTB,Prepartum,-6,-4,-5,"[-6.0,-4.0)",3,3,1.5252880000000002,1.546032,1.5343846666666667,1.549305
5,FTB,Postpartum,4,6,5,"[4.0,6.0)",4,4,3.132935,3.6215725,3.5090065,3.997644
5,FTB,Postpartum,6,8,7,"[6.0,8.0)",24,24,2.9506765,3.420208,3.421609666666667,3.895045
5,FTB,Postpartum,8,10,9,"[8.0,10.0)",6,6,3.13752675,3.4978805,3.5344868333333332,4.011367
5,FTB,Postpartum,12,14,13,"[12.0,14.0)",8,8,2.9942080000000004,3.215834,3.3900705,3.6481209999999997
5,FTB,Postpartum,14,16,15,"[14.0,16.0)",12,12,2.6592905,3.027723,3.119373583333333,3.3059647500000002
5,FTB,Postpartum,16,18,17,"[16.0,18.0)",1,1,4.128421,4.128421,4.128421,4.128421
5,FTB,Postpartum,24,26,25,"[24.0,26.0)",2,2,2.7655024999999998,2.9738689999999997,2.9738689999999997,3.1822355
5,FTB,Postpartum,26,28,27,"[26.0,28.0)",11,11,2.8936605,3.158801,3.0945204545454548,3.1908835
5,FTB,Postpartum,28,30,29,"[28.0,30.0)",1,1,4.131779,4.131779,4.131779,4.131779
5,FTB,Postpartum,30,32,31,"[30.0,32.0)",2,2,3.5894285000000004,3.675975,3.675975,3.7625215
5,FTB,Postpartum,32,34,33,"[32.0,34.0)",1,1,3.71426,3.71426,3.71426,3.71426
5,FTB,Postpartum,34,36,35,"[34.0,36.0)",1,1,3.38197,3.38197,3.38197,3.38197
5,FTB,Postpartum,36,38,37,"[36.0,38.0)",1,1,3.812707,3.812707,3.812707,3.812707
5,FTB,Postpartum,38,40,39,"[38.0,40.0)",4,4,3.3804852499999996,3.8045419999999996,3.5100875,3.9341442499999997
5,FTB,Postpartum,40,42,41,"[40.0,42.0)",6,6,2.9781435,3.207904,3.1302891666666666,3.54823475
5,FTB,Postpartum,42,44,43,"[42.0,44.0)",2,2,3.17258075,3.2358725,3.2358725,3.29916425
5,FTB,Postpartum,44,46,45,"[44.0,46.0)",1,1,2.663547,2.663547,2.663547,2.663547
5,FTB,Postpartum,48,50,49,"[48.0,50.0)",1,1,2.91082,2.91082,2.91082,2.91082
5,FTB,Postpartum,50,52,51,"[50.0,52.0)",3,3,3.241694,3.414548,3.3154019999999997,3.438683
5,FTB,Postpartum,52,54,53,"[52.0,54.0)",5,5,2.952814,3.250316,3.4484848,3.39502
5,FTB,Postpartum,54,56,55,"[54.0,56.0)",4,4,2.3213945000000002,2.685853,2.5685925,2.933051
5,sPTB,Prepartum,-20,-18,-19,"[-20.0,-18.0)",2,2,2.5572044999999997,2.558261,2.558261,2.5593175
5,sPTB,Prepartum,-18,-16,-17,"[-18.0,-16.0)",17,17,1.726206,2.027398,2.199336,2.722674
5,sPTB,Prepartum,-16,-14,-15,"[-16.0,-14.0)",27,27,1.818077,2.296354,2.3615283703703702,2.744526
5,sPTB,Prepartum,-14,-12,-13,"[-14.0,-12.0)",24,24,1.8130214999999998,2.0875399999999997,2.143582,2.339846
5,sPTB,Prepartum,-12,-10,-11,"[-12.0,-10.0)",21,21,1.53511,2.033052,2.2253810476190474,2.946768
5,sPTB,Prepartum,-10,-8,-9,"[-10.0,-8.0)",8,8,1.4727885,1.63798,1.677159,1.811294
5,sPTB,Prepartum,-8,-6,-7,"[-8.0,-6.0)",6,6,1.6294235,1.9254890000000002,1.9453586666666667,2.3241259999999997
5,sPTB,Prepartum,-6,-4,-5,"[-6.0,-4.0)",3,3,1.761728,1.965994,1.900304,2.071725
5,sPTB,Prepartum,-4,-2,-3,"[-4.0,-2.0)",2,2,1.6823285000000001,1.801459,1.801459,1.9205895
5,sPTB,Prepartum,-2,0,-1,"[-2.0,0.0)",9,9,1.530172,1.784336,1.7158431111111112,1.826452
5,sPTB,Postpartum,6,8,7,"[6.0,8.0)",9,9,3.33414,3.698894,3.821656,4.329331
5,sPTB,Postpartum,8,10,9,"[8.0,10.0)",2,2,2.63444175,2.6613854999999997,2.6613854999999997,2.68832925
5,sPTB,Postpartum,12,14,13,"[12.0,14.0)",1,1,3.988905,3.988905,3.988905,3.988905
5,sPTB,Postpartum,14,16,15,"[14.0,16.0)",2,2,3.2799115,4.193372,4.193372,5.1068325
5,sPTB,Postpartum,16,18,17,"[16.0,18.0)",1,1,3.425857,3.425857,3.425857,3.425857
5,sPTB,Postpartum,26,28,27,"[26.0,28.0)",2,2,3.4765474999999997,3.6368359999999997,3.6368359999999997,3.7971245000000002
5,sPTB,Postpartum,28,30,29,"[28.0,30.0)",2,2,2.9705445,2.999497,2.999497,3.0284495000000002
5,sPTB,Postpartum,38,40,39,"[38.0,40.0)",1,1,3.561299,3.561299,3.561299,3.561299
5,sPTB,Postpartum,42,44,43,"[42.0,44.0)",1,1,2.575475,2.575475,2.575475,2.575475
5,sPTB,Postpartum,48,50,49,"[48.0,50.0)",1,1,3.947721,3.947721,3.947721,3.947721
5,sPTB,Postpartum,52,54,53,"[52.0,54.0)",1,1,2.878971,2.878971,2.878971,2.878971
5,sPTB,Postpartum,58,60,59,"[58.0,60.0)",1,1,3.254268,3.254268,3.254268,3.254268
6,FTB,Prepartum,-24,-22,-23,"[-24.0,-22.0)",8,8,1.94188458333333,2.202026666666665,2.2933418749999976,2.7204524999999977
6,FTB,Prepartum,-22,-20,-21,"[-22.0,-20.0)",109,109,1.97631166666667,2.466285,2.5617624006116206,3.09735166666667
6,FTB,Prepartum,-20,-18,-19,"[-20.0,-18.0)",216,216,1.9332712500000002,2.321094166666665,2.4195932793209876,2.819281250000002
6,FTB,Prepartum,-18,-16,-17,"[-18.0,-16.0)",176,176,1.7134191666666676,2.10448416666667,2.1890676609848487,2.555962083333335
6,FTB,Prepartum,-16,-14,-15,"[-16.0,-14.0)",173,173,1.65897666666667,1.98017833333333,2.0688177938342966,2.35020333333333
6,FTB,Prepartum,-14,-12,-13,"[-14.0,-12.0)",105,105,1.61672,2.03844833333333,2.1243920634920634,2.489135
6,FTB,Prepartum,-12,-10,-11,"[-12.0,-10.0)",31,31,1.771523333333335,2.04282666666667,2.106597365591398,2.37838833333333
6,FTB,Prepartum,-10,-8,-9,"[-10.0,-8.0)",11,11,1.58976083333333,1.848725,1.816837121212122,1.9781333333333349
6,FTB,Prepartum,-8,-6,-7,"[-8.0,-6.0)",7,7,1.548808333333335,1.71282666666667,1.7449747619047629,1.758240833333335
6,FTB,Prepartum,-6,-4,-5,"[-6.0,-4.0)",3,3,1.52311416666667,1.5461466666666701,1.54600777777778,1.568970833333335
6,FTB,Postpartum,4,6,5,"[4.0,6.0)",4,4,3.132935,3.6215725,3.5090065,3.997644
6,FTB,Postpartum,6,8,7,"[6.0,8.0)",24,24,2.9506765,3.420208,3.421609666666667,3.895045
6,FTB,Postpartum,8,10,9,"[8.0,10.0)",6,6,3.13752675,3.4978805,3.5344868333333332,4.011367
6,FTB,Postpartum,12,14,13,"[12.0,14.0)",8,8,2.9942080000000004,3.215834,3.3900705,3.6481209999999997
6,FTB,Postpartum,14,16,15,"[14.0,16.0)",12,12,2.6592905,3.027723,3.119373583333333,3.3059647500000002
6,FTB,Postpartum,16,18,17,"[16.0,18.0)",1,1,4.128421,4.128421,4.128421,4.128421
6,FTB,Postpartum,24,26,25,"[24.0,26.0)",2,2,2.7655024999999998,2.9738689999999997,2.9738689999999997,3.1822355
6,FTB,Postpartum,26,28,27,"[26.0,28.0)",11,11,2.8936605,3.158801,3.0945204545454548,3.1908835
6,FTB,Postpartum,28,30,29,"[28.0,30.0)",1,1,4.131779,4.131779,4.131779,4.131779
6,FTB,Postpartum,30,32,31,"[30.0,32.0)",2,2,3.5894285000000004,3.675975,3.675975,3.7625215
6,FTB,Postpartum,32,34,33,"[32.0,34.0)",1,1,3.71426,3.71426,3.71426,3.71426
6,FTB,Postpartum,34,36,35,"[34.0,36.0)",1,1,3.38197,3.38197,3.38197,3.38197
6,FTB,Postpartum,36,38,37,"[36.0,38.0)",1,1,3.812707,3.812707,3.812707,3.812707
6,FTB,Postpartum,38,40,39,"[38.0,40.0)",4,4,3.3804852499999996,3.8045419999999996,3.5100875,3.9341442499999997
6,FTB,Postpartum,40,42,41,"[40.0,42.0)",6,6,2.9781435,3.207904,3.1302891666666666,3.54823475
6,FTB,Postpartum,42,44,43,"[42.0,44.0)",2,2,3.17258075,3.2358725,3.2358725,3.29916425
6,FTB,Postpartum,44,46,45,"[44.0,46.0)",1,1,2.663547,2.663547,2.663547,2.663547
6,FTB,Postpartum,48,50,49,"[48.0,50.0)",1,1,2.91082,2.91082,2.91082,2.91082
6,FTB,Postpartum,50,52,51,"[50.0,52.0)",3,3,3.241694,3.414548,3.3154019999999997,3.438683
6,FTB,Postpartum,52,54,53,"[52.0,54.0)",5,5,2.952814,3.250316,3.4484848,3.39502
6,FTB,Postpartum,54,56,55,"[54.0,56.0)",4,4,2.3213945000000002,2.685853,2.5685925,2.933051
6,sPTB,Prepartum,-20,-18,-19,"[-20.0,-18.0)",2,2,2.5352770833333325,2.573649166666665,2.573649166666665,2.6120212499999975
6,sPTB,Prepartum,-18,-16,-17,"[-18.0,-16.0)",17,17,1.75851333333333,2.03201,2.194542450980391,2.65154
6,sPTB,Prepartum,-16,-14,-15,"[-16.0,-14.0)",27,27,1.78528,2.27906166666667,2.3514721604938273,2.677069166666665
6,sPTB,Prepartum,-14,-12,-13,"[-14.0,-12.0)",24,24,1.8048670833333302,2.0728875,2.154448402777777,2.28253708333333
6,sPTB,Prepartum,-12,-10,-11,"[-12.0,-10.0)",21,21,1.57249666666667,1.96159666666667,2.2167904761904764,2.91652833333333
6,sPTB,Prepartum,-10,-8,-9,"[-10.0,-8.0)",8,8,1.4871762499999999,1.664459166666665,1.682921875,1.807925833333335
6,sPTB,Prepartum,-8,-6,-7,"[-8.0,-6.0)",6,6,1.61082916666667,1.910665833333335,1.928725555555555,2.256689999999997
6,sPTB,Prepartum,-6,-4,-5,"[-6.0,-4.0)",3,3,1.7688375,1.96411333333333,1.9083222222222234,2.0757025000000002
6,sPTB,Prepartum,-4,-2,-3,"[-4.0,-2.0)",2,2,1.6649279166666697,1.8028891666666698,1.8028891666666698,1.9408504166666698
6,sPTB,Prepartum,-2,0,-1,"[-2.0,0.0)",9,9,1.49683333333333,1.78234,1.7232129629629622,1.83013833333333
6,sPTB,Postpartum,6,8,7,"[6.0,8.0)",9,9,3.33414,3.698894,3.821656,4.329331
6,sPTB,Postpartum,8,10,9,"[8.0,10.0)",2,2,2.63444175,2.6613854999999997,2.6613854999999997,2.68832925
6,sPTB,Postpartum,12,14,13,"[12.0,14.0)",1,1,3.988905,3.988905,3.988905,3.988905
6,sPTB,Postpartum,14,16,15,"[14.0,16.0)",2,2,3.2799115,4.193372,4.193372,5.1068325
6,sPTB,Postpartum,16,18,17,"[16.0,18.0)",1,1,3.425857,3.425857,3.425857,3.425857
6,sPTB,Postpartum,26,28,27,"[26.0,28.0)",2,2,3.4765474999999997,3.6368359999999997,3.6368359999999997,3.7971245000000002
6,sPTB,Postpartum,28,30,29,"[28.0,30.0)",2,2,2.9705445,2.999497,2.999497,3.0284495000000002
6,sPTB,Postpartum,38,40,39,"[38.0,40.0)",1,1,3.561299,3.561299,3.561299,3.561299
6,sPTB,Postpartum,42,44,43,"[42.0,44.0)",1,1,2.575475,2.575475,2.575475,2.575475
6,sPTB,Postpartum,48,50,49,"[48.0,50.0)",1,1,3.947721,3.947721,3.947721,3.947721
6,sPTB,Postpartum,52,54,53,"[52.0,54.0)",1,1,2.878971,2.878971,2.878971,2.878971
6,sPTB,Postpartum,58,60,59,"[58.0,60.0)",1,1,3.254268,3.254268,3.254268,3.254268
7,FTB,Prepartum,-24,-22,-23,"[-24.0,-22.0)",8,8,1.8879907142857126,2.167074285714285,2.26230982142857,2.6979817857142847
7,FTB,Prepartum,-22,-20,-21,"[-22.0,-20.0)",109,109,1.97121571428571,2.43697142857143,2.5621084622105723,3.12215142857143
7,FTB,Prepartum,-20,-18,-19,"[-20.0,-18.0)",216,216,1.93339214285714,2.311282142857145,2.4160747949735453,2.82029142857143
7,FTB,Prepartum,-18,-16,-17,"[-18.0,-16.0)",176,176,1.6971224999999974,2.08795214285714,2.187641534090909,2.580714285714285
7,FTB,Prepartum,-16,-14,-15,"[-16.0,-14.0)",173,173,1.66144857142857,1.99020857142857,2.0743432920451417,2.33999428571429
7,FTB,Prepartum,-14,-12,-13,"[-14.0,-12.0)",105,105,1.61089285714286,2.05073,2.1199271836734694,2.45396571428571
7,FTB,Prepartum,-12,-10,-11,"[-12.0,-10.0)",31,31,1.7491828571428552,2.03681428571429,2.0987165437788016,2.35173142857143
7,FTB,Prepartum,-10,-8,-9,"[-10.0,-8.0)",11,11,1.5795035714285701,1.84634714285714,1.8006751948051944,1.934925714285715
7,FTB,Prepartum,-8,-6,-7,"[-8.0,-6.0)",7,7,1.5469585714285699,1.68442142857143,1.7502679591836743,1.77089
7,FTB,Prepartum,-6,-4,-5,"[-6.0,-4.0)",3,3,1.5141478571428548,1.54554857142857,1.5352128571428567,1.561445714285715
7,FTB,Postpartum,4,6,5,"[4.0,6.0)",4,4,3.132935,3.6215725,3.5090065,3.997644
7,FTB,Postpartum,6,8,7,"[6.0,8.0)",24,24,2.9506765,3.420208,3.421609666666667,3.895045
7,FTB,Postpartum,8,10,9,"[8.0,10.0)",6,6,3.13752675,3.4978805,3.5344868333333332,4.011367
7,FTB,Postpartum,12,14,13,"[12.0,14.0)",8,8,2.9942080000000004,3.215834,3.3900705,3.6481209999999997
7,FTB,Postpartum,14,16,15,"[14.0,16.0)",12,12,2.6592905,3.027723,3.119373583333333,3.3059647500000002
7,FTB,Postpartum,16,18,17,"[16.0,18.0)",1,1,4.128421,4.128421,4.128421,4.128421
7,FTB,Postpartum,24,26,25,"[24.0,26.0)",2,2,2.7655024999999998,2.9738689999999997,2.9738689999999997,3.1822355
7,FTB,Postpartum,26,28,27,"[26.0,28.0)",11,11,2.8936605,3.158801,3.0945204545454548,3.1908835
7,FTB,Postpartum,28,30,29,"[28.0,30.0)",1,1,4.131779,4.131779,4.131779,4.131779
7,FTB,Postpartum,30,32,31,"[30.0,32.0)",2,2,3.5894285000000004,3.675975,3.675975,3.7625215
7,FTB,Postpartum,32,34,33,"[32.0,34.0)",1,1,3.71426,3.71426,3.71426,3.71426
7,FTB,Postpartum,34,36,35,"[34.0,36.0)",1,1,3.38197,3.38197,3.38197,3.38197
7,FTB,Postpartum,36,38,37,"[36.0,38.0)",1,1,3.812707,3.812707,3.812707,3.812707
7,FTB,Postpartum,38,40,39,"[38.0,40.0)",4,4,3.3804852499999996,3.8045419999999996,3.5100875,3.9341442499999997
7,FTB,Postpartum,40,42,41,"[40.0,42.0)",6,6,2.9781435,3.207904,3.1302891666666666,3.54823475
7,FTB,Postpartum,42,44,43,"[42.0,44.0)",2,2,3.17258075,3.2358725,3.2358725,3.29916425
7,FTB,Postpartum,44,46,45,"[44.0,46.0)",1,1,2.663547,2.663547,2.663547,2.663547
7,FTB,Postpartum,48,50,49,"[48.0,50.0)",1,1,2.91082,2.91082,2.91082,2.91082
7,FTB,Postpartum,50,52,51,"[50.0,52.0)",3,3,3.241694,3.414548,3.3154019999999997,3.438683
7,FTB,Postpartum,52,54,53,"[52.0,54.0)",5,5,2.952814,3.250316,3.4484848,3.39502
7,FTB,Postpartum,54,56,55,"[54.0,56.0)",4,4,2.3213945000000002,2.685853,2.5685925,2.933051
7,sPTB,Prepartum,-20,-18,-19,"[-20.0,-18.0)",2,2,2.52968464285714,2.5776935714285703,2.5776935714285703,2.6257025
7,sPTB,Prepartum,-18,-16,-17,"[-18.0,-16.0)",17,17,1.75260857142857,1.98479857142857,2.1803648739495793,2.57713142857143
7,sPTB,Prepartum,-16,-14,-15,"[-16.0,-14.0)",27,27,1.773919285714285,2.28562,2.3443794708994705,2.666191428571425
7,sPTB,Prepartum,-14,-12,-13,"[-14.0,-12.0)",24,24,1.7912442857142823,2.04738857142857,2.1542950595238106,2.2988025000000025
7,sPTB,Prepartum,-12,-10,-11,"[-12.0,-10.0)",21,21,1.55011,1.98196,2.221171360544217,2.90415142857143
7,sPTB,Prepartum,-10,-8,-9,"[-10.0,-8.0)",8,8,1.5086464285714252,1.66451357142857,1.700381607142855,1.8429532142857101
7,sPTB,Prepartum,-8,-6,-7,"[-8.0,-6.0)",6,6,1.6187714285714274,1.90229,1.916819523809525,2.209974642857145
7,sPTB,Prepartum,-6,-4,-5,"[-6.0,-4.0)",3,3,1.766931428571425,1.93393714285714,1.9128338095238067,2.069287857142855
7,sPTB,Prepartum,-4,-2,-3,"[-4.0,-2.0)",2,2,1.6851242857142874,1.8206457142857149,1.8206457142857149,1.9561671428571423
7,sPTB,Prepartum,-2,0,-1,"[-2.0,0.0)",9,9,1.50773714285714,1.75503,1.7306682539682534,1.85952428571429
7,sPTB,Postpartum,6,8,7,"[6.0,8.0)",9,9,3.33414,3.698894,3.821656,4.329331
7,sPTB,Postpartum,8,10,9,"[8.0,10.0)",2,2,2.63444175,2.6613854999999997,2.6613854999999997,2.68832925
7,sPTB,Postpartum,12,14,13,"[12.0,14.0)",1,1,3.988905,3.988905,3.988905,3.988905
7,sPTB,Postpartum,14,16,15,"[14.0,16.0)",2,2,3.2799115,4.193372,4.193372,5.1068325
7,sPTB,Postpartum,16,18,17,"[16.0,18.0)",1,1,3.425857,3.425857,3.425857,3.425857
7,sPTB,Postpartum,26,28,27,"[26.0,28.0)",2,2,3.4765474999999997,3.6368359999999997,3.6368359999999997,3.7971245000000002
7,sPTB,Postpartum,28,30,29,"[28.0,30.0)",2,2,2.9705445,2.999497,2.999497,3.0284495000000002
7,sPTB,Postpartum,38,40,39,"[38.0,40.0)",1,1,3.561299,3.561299,3.561299,3.561299
7,sPTB,Postpartum,42,44,43,"[42.0,44.0)",1,1,2.575475,2.575475,2.575475,2.575475
7,sPTB,Postpartum,48,50,49,"[48.0,50.0)",1,1,3.947721,3.947721,3.947721,3.947721
7,sPTB,Postpartum,52,54,53,"[52.0,54.0)",1,1,2.878971,2.878971,2.878971,2.878971
7,sPTB,Postpartum,58,60,59,"[58.0,60.0)",1,1,3.254268,3.254268,3.254268,3.254268
8,FTB,Prepartum,-24,-22,-23,"[-24.0,-22.0)",8,8,1.8701625,2.150256875,2.25391640625,2.7132315625000003
8,FTB,Prepartum,-22,-20,-21,"[-22.0,-20.0)",109,109,1.95385375,2.42912625,2.563864148099607,3.11064875
8,FTB,Prepartum,-20,-18,-19,"[-20.0,-18.0)",216,216,1.936608125,2.31265125,2.415755277777778,2.81486625
8,FTB,Prepartum,-18,-16,-17,"[-18.0,-16.0)",176,176,1.6978262499999999,2.0743762500000003,2.184464765625,2.5720971875000003
8,FTB,Prepartum,-16,-14,-15,"[-16.0,-14.0)",173,173,1.65164375,1.98536,2.0694899329066887,2.32263375
8,FTB,Prepartum,-14,-12,-13,"[-14.0,-12.0)",105,105,1.610635,2.03743875,2.117017345238095,2.445955
8,FTB,Prepartum,-12,-10,-11,"[-12.0,-10.0)",31,31,1.736434375,2.0285575,2.0983777822580647,2.342203125
8,FTB,Prepartum,-10,-8,-9,"[-10.0,-8.0)",11,11,1.592158125,1.86358375,1.8153852272727273,1.955224375
8,FTB,Prepartum,-8,-6,-7,"[-8.0,-6.0)",7,7,1.5499162499999999,1.66051875,1.7437017857142858,1.765541875
8,FTB,Prepartum,-6,-4,-5,"[-6.0,-4.0)",3,3,1.494726875,1.52552125,1.5203116666666667,1.54850125
8,FTB,Postpartum,4,6,5,"[4.0,6.0)",4,4,3.132935,3.6215725,3.5090065,3.997644
8,FTB,Postpartum,6,8,7,"[6.0,8.0)",24,24,2.9506765,3.420208,3.421609666666667,3.895045
8,FTB,Postpartum,8,10,9,"[8.0,10.0)",6,6,3.13752675,3.4978805,3.5344868333333332,4.011367
8,FTB,Postpartum,12,14,13,"[12.0,14.0)",8,8,2.9942080000000004,3.215834,3.3900705,3.6481209999999997
8,FTB,Postpartum,14,16,15,"[14.0,16.0)",12,12,2.6592905,3.027723,3.119373583333333,3.3059647500000002
8,FTB,Postpartum,16,18,17,"[16.0,18.0)",1,1,4.128421,4.128421,4.128421,4.128421
8,FTB,Postpartum,24,26,25,"[24.0,26.0)",2,2,2.7655024999999998,2.9738689999999997,2.9738689999999997,3.1822355
8,FTB,Postpartum,26,28,27,"[26.0,28.0)",11,11,2.8936605,3.158801,3.0945204545454548,3.1908835
8,FTB,Postpartum,28,30,29,"[28.0,30.0)",1,1,4.131779,4.131779,4.131779,4.131779
8,FTB,Postpartum,30,32,31,"[30.0,32.0)",2,2,3.5894285000000004,3.675975,3.675975,3.7625215
8,FTB,Postpartum,32,34,33,"[32.0,34.0)",1,1,3.71426,3.71426,3.71426,3.71426
8,FTB,Postpartum,34,36,35,"[34.0,36.0)",1,1,3.38197,3.38197,3.38197,3.38197
8,FTB,Postpartum,36,38,37,"[36.0,38.0)",1,1,3.812707,3.812707,3.812707,3.812707
8,FTB,Postpartum,38,40,39,"[38.0,40.0)",4,4,3.3804852499999996,3.8045419999999996,3.5100875,3.9341442499999997
8,FTB,Postpartum,40,42,41,"[40.0,42.0)",6,6,2.9781435,3.207904,3.1302891666666666,3.54823475
8,FTB,Postpartum,42,44,43,"[42.0,44.0)",2,2,3.17258075,3.2358725,3.2358725,3.29916425
8,FTB,Postpartum,44,46,45,"[44.0,46.0)",1,1,2.663547,2.663547,2.663547,2.663547
8,FTB,Postpartum,48,50,49,"[48.0,50.0)",1,1,2.91082,2.91082,2.91082,2.91082
8,FTB,Postpartum,50,52,51,"[50.0,52.0)",3,3,3.241694,3.414548,3.3154019999999997,3.438683
8,FTB,Postpartum,52,54,53,"[52.0,54.0)",5,5,2.952814,3.250316,3.4484848,3.39502
8,FTB,Postpartum,54,56,55,"[54.0,56.0)",4,4,2.3213945000000002,2.685853,2.5685925,2.933051
8,sPTB,Prepartum,-20,-18,-19,"[-20.0,-18.0)",2,2,2.5583321874999996,2.6084143749999997,2.6084143749999997,2.6584965625
8,sPTB,Prepartum,-18,-16,-17,"[-18.0,-16.0)",17,17,1.738715,2.02437625,2.1905823529411763,2.5812825
8,sPTB,Prepartum,-16,-14,-15,"[-16.0,-14.0)",27,27,1.755841875,2.289625,2.336485740740741,2.6351143749999997
8,sPTB,Prepartum,-14,-12,-13,"[-14.0,-12.0)",24,24,1.77976625,2.021624375,2.1576513020833334,2.3120199999999995
8,sPTB,Prepartum,-12,-10,-11,"[-12.0,-10.0)",21,21,1.54353625,1.97848,2.2111127976190477,2.83706625
8,sPTB,Prepartum,-10,-8,-9,"[-10.0,-8.0)",8,8,1.5081212499999999,1.717925625,1.7158428125,1.8573328125
8,sPTB,Prepartum,-8,-6,-7,"[-8.0,-6.0)",6,6,1.5978206250000002,1.89383875,1.8976266666666666,2.1651321875000002
8,sPTB,Prepartum,-6,-4,-5,"[-6.0,-4.0)",3,3,1.733644375,1.8812425,1.8905920833333334,2.042865
8,sPTB,Prepartum,-4,-2,-3,"[-4.0,-2.0)",2,2,1.7233943750000003,1.8626650000000002,1.8626650000000002,2.001935625
8,sPTB,Prepartum,-2,0,-1,"[-2.0,0.0)",9,9,1.5004875,1.73852125,1.7351976388888888,1.93749
8,sPTB,Postpartum,6,8,7,"[6.0,8.0)",9,9,3.33414,3.698894,3.821656,4.329331
8,sPTB,Postpartum,8,10,9,"[8.0,10.0)",2,2,2.63444175,2.6613854999999997,2.6613854999999997,2.68832925
8,sPTB,Postpartum,12,14,13,"[12.0,14.0)",1,1,3.988905,3.988905,3.988905,3.988905
8,sPTB,Postpartum,14,16,15,"[14.0,16.0)",2,2,3.2799115,4.193372,4.193372,5.1068325
8,sPTB,Postpartum,16,18,17,"[16.0,18.0)",1,1,3.425857,3.425857,3.425857,3.425857
8,sPTB,Postpartum,26,28,27,"[26.0,28.0)",2,2,3.4765474999999997,3.6368359999999997,3.6368359999999997,3.7971245000000002
8,sPTB,Postpartum,28,30,29,"[28.0,30.0)",2,2,2.9705445,2.999497,2.999497,3.0284495000000002
8,sPTB,Postpartum,38,40,39,"[38.0,40.0)",1,1,3.561299,3.561299,3.561299,3.561299
8,sPTB,Postpartum,42,44,43,"[42.0,44.0)",1,1,2.575475,2.575475,2.575475,2.575475
8,sPTB,Postpartum,48,50,49,"[48.0,50.0)",1,1,3.947721,3.947721,3.947721,3.947721
8,sPTB,Postpartum,52,54,53,"[52.0,54.0)",1,1,2.878971,2.878971,2.878971,2.878971
8,sPTB,Postpartum,58,60,59,"[58.0,60.0)",1,1,3.254268,3.254268,3.254268,3.254268
9,FTB,Prepartum,-24,-22,-23,"[-24.0,-22.0)",8,8,1.8229733333333351,2.116476666666665,2.227247499999999,2.7087063888888876
9,FTB,Prepartum,-22,-20,-21,"[-22.0,-20.0)",109,109,1.9721,2.44483111111111,2.5681533282364932,3.13681666666667
9,FTB,Prepartum,-20,-18,-19,"[-20.0,-18.0)",216,216,1.9129652777777801,2.311148888888885,2.4132641255144036,2.7922822222222203
9,FTB,Prepartum,-18,-16,-17,"[-18.0,-16.0)",176,176,1.693060833333335,2.067929444444445,2.183498926767677,2.613927222222225
9,FTB,Prepartum,-16,-14,-15,"[-16.0,-14.0)",173,173,1.65274555555556,1.97645777777778,2.0708361697174054,2.33414333333333
9,FTB,Prepartum,-14,-12,-13,"[-14.0,-12.0)",105,105,1.62072,2.053,2.118207714285714,2.46546555555556
9,FTB,Prepartum,-12,-10,-11,"[-12.0,-10.0)",31,31,1.716169444444445,2.04259444444444,2.102339139784946,2.346417777777775
9,FTB,Prepartum,-10,-8,-9,"[-10.0,-8.0)",11,11,1.579316666666665,1.83135888888889,1.8037847474747482,1.934566666666665
9,FTB,Prepartum,-8,-6,-7,"[-8.0,-6.0)",7,7,1.5464705555555551,1.68583444444444,1.7517087301587286,1.77912333333333
9,FTB,Prepartum,-6,-4,-5,"[-6.0,-4.0)",3,3,1.4810433333333348,1.50998555555556,1.5115070370370367,1.54121
9,FTB,Postpartum,4,6,5,"[4.0,6.0)",4,4,3.132935,3.6215725,3.5090065,3.997644
9,FTB,Postpartum,6,8,7,"[6.0,8.0)",24,24,2.9506765,3.420208,3.421609666666667,3.895045
9,FTB,Postpartum,8,10,9,"[8.0,10.0)",6,6,3.13752675,3.4978805,3.5344868333333332,4.011367
9,FTB,Postpartum,12,14,13,"[12.0,14.0)",8,8,2.9942080000000004,3.215834,3.3900705,3.6481209999999997
9,FTB,Postpartum,14,16,15,"[14.0,16.0)",12,12,2.6592905,3.027723,3.119373583333333,3.3059647500000002
9,FTB,Postpartum,16,18,17,"[16.0,18.0)",1,1,4.128421,4.128421,4.128421,4.128421
9,FTB,Postpartum,24,26,25,"[24.0,26.0)",2,2,2.7655024999999998,2.9738689999999997,2.9738689999999997,3.1822355
9,FTB,Postpartum,26,28,27,"[26.0,28.0)",11,11,2.8936605,3.158801,3.0945204545454548,3.1908835
9,FTB,Postpartum,28,30,29,"[28.0,30.0)",1,1,4.131779,4.131779,4.131779,4.131779
9,FTB,Postpartum,30,32,31,"[30.0,32.0)",2,2,3.5894285000000004,3.675975,3.675975,3.7625215
9,FTB,Postpartum,32,34,33,"[32.0,34.0)",1,1,3.71426,3.71426,3.71426,3.71426
9,FTB,Postpartum,34,36,35,"[34.0,36.0)",1,1,3.38197,3.38197,3.38197,3.38197
9,FTB,Postpartum,36,38,37,"[36.0,38.0)",1,1,3.812707,3.812707,3.812707,3.812707
9,FTB,Postpartum,38,40,39,"[38.0,40.0)",4,4,3.3804852499999996,3.8045419999999996,3.5100875,3.9341442499999997
9,FTB,Postpartum,40,42,41,"[40.0,42.0)",6,6,2.9781435,3.207904,3.1302891666666666,3.54823475
9,FTB,Postpartum,42,44,43,"[42.0,44.0)",2,2,3.17258075,3.2358725,3.2358725,3.29916425
9,FTB,Postpartum,44,46,45,"[44.0,46.0)",1,1,2.663547,2.663547,2.663547,2.663547
9,FTB,Postpartum,48,50,49,"[48.0,50.0)",1,1,2.91082,2.91082,2.91082,2.91082
9,FTB,Postpartum,50,52,51,"[50.0,52.0)",3,3,3.241694,3.414548,3.3154019999999997,3.438683
9,FTB,Postpartum,52,54,53,"[52.0,54.0)",5,5,2.952814,3.250316,3.4484848,3.39502
9,FTB,Postpartum,54,56,55,"[54.0,56.0)",4,4,2.3213945000000002,2.685853,2.5685925,2.933051
9,sPTB,Prepartum,-20,-18,-19,"[-20.0,-18.0)",2,2,2.549236111111113,2.604593333333335,2.604593333333335,2.6599505555555574
9,sPTB,Prepartum,-18,-16,-17,"[-18.0,-16.0)",17,17,1.72792111111111,2.05336444444444,2.19295816993464,2.52533333333333
9,sPTB,Prepartum,-16,-14,-15,"[-16.0,-14.0)",27,27,1.73927388888889,2.24379666666667,2.33614987654321,2.66723833333333
9,sPTB,Prepartum,-14,-12,-13,"[-14.0,-12.0)",24,24,1.80978583333333,2.00718777777778,2.1492820370370374,2.3099350000000025
9,sPTB,Prepartum,-12,-10,-11,"[-12.0,-10.0)",21,21,1.55397222222222,2.0088,2.201195555555555,2.82088444444444
9,sPTB,Prepartum,-10,-8,-9,"[-10.0,-8.0)",8,8,1.5052936111111075,1.71478611111111,1.7171515277777776,1.8790069444444475
9,sPTB,Prepartum,-8,-6,-7,"[-8.0,-6.0)",6,6,1.5956883333333352,1.866,1.88888925925926,2.1330424999999975
9,sPTB,Prepartum,-6,-4,-5,"[-6.0,-4.0)",3,3,1.721668333333335,1.87447666666667,1.8820562962962966,2.038654444444445
9,sPTB,Prepartum,-4,-2,-3,"[-4.0,-2.0)",2,2,1.7281680555555574,1.8758172222222251,1.8758172222222251,2.0234663888888926
9,sPTB,Prepartum,-2,0,-1,"[-2.0,0.0)",9,9,1.49042666666667,1.73755444444444,1.7530560493827179,1.98950888888889
9,sPTB,Postpartum,6,8,7,"[6.0,8.0)",9,9,3.33414,3.698894,3.821656,4.329331
9,sPTB,Postpartum,8,10,9,"[8.0,10.0)",2,2,2.63444175,2.6613854999999997,2.6613854999999997,2.68832925
9,sPTB,Postpartum,12,14,13,"[12.0,14.0)",1,1,3.988905,3.988905,3.988905,3.988905
9,sPTB,Postpartum,14,16,15,"[14.0,16.0)",2,2,3.2799115,4.193372,4.193372,5.1068325
9,sPTB,Postpartum,16,18,17,"[16.0,18.0)",1,1,3.425857,3.425857,3.425857,3.425857
9,sPTB,Postpartum,26,28,27,"[26.0,28.0)",2,2,3.4765474999999997,3.6368359999999997,3.6368359999999997,3.7971245000000002
9,sPTB,Postpartum,28,30,29,"[28.0,30.0)",2,2,2.9705445,2.999497,2.999497,3.0284495000000002
9,sPTB,Postpartum,38,40,39,"[38.0,40.0)",1,1,3.561299,3.561299,3.561299,3.561299
9,sPTB,Postpartum,42,44,43,"[42.0,44.0)",1,1,2.575475,2.575475,2.575475,2.575475
9,sPTB,Postpartum,48,50,49,"[48.0,50.0)",1,1,3.947721,3.947721,3.947721,3.947721
9,sPTB,Postpartum,52,54,53,"[52.0,54.0)",1,1,2.878971,2.878971,2.878971,2.878971
9,sPTB,Postpartum,58,60,59,"[58.0,60.0)",1,1,3.254268,3.254268,3.254268,3.254268
10,FTB,Prepartum,-24,-22,-23,"[-24.0,-22.0)",8,8,1.79638725,2.0898085,2.203895125,2.6849522500000003
10,FTB,Prepartum,-22,-20,-21,"[-22.0,-20.0)",109,109,1.949424,2.449315,2.5691435361875636,3.115609
10,FTB,Prepartum,-20,-18,-19,"[-20.0,-18.0)",216,216,1.91474375,2.3288010000000003,2.411239531378601,2.7836110000000005
10,FTB,Prepartum,-18,-16,-17,"[-18.0,-16.0)",176,176,1.702313,2.0571124999999997,2.1816284564393937,2.5871442499999997
10,FTB,Prepartum,-16,-14,-15,"[-16.0,-14.0)",173,173,1.651697,1.966646,2.06586024165061,2.322103
10,FTB,Prepartum,-14,-12,-13,"[-14.0,-12.0)",105,105,1.615654,2.040133,2.1184586814814814,2.468124
10,FTB,Prepartum,-12,-10,-11,"[-12.0,-10.0)",31,31,1.72092,2.096998,2.103694870967742,2.3493765
10,FTB,Prepartum,-10,-8,-9,"[-10.0,-8.0)",11,11,1.5808309999999999,1.817267,1.8048366363636363,1.960827
10,FTB,Prepartum,-8,-6,-7,"[-8.0,-6.0)",7,7,1.5389119999999998,1.712565,1.7501317142857142,1.788022
10,FTB,Prepartum,-6,-4,-5,"[-6.0,-4.0)",3,3,1.4771455,1.503527,1.5063716666666667,1.5341755
10,FTB,Postpartum,4,6,5,"[4.0,6.0)",4,4,3.132935,3.6215725,3.5090065,3.997644
10,FTB,Postpartum,6,8,7,"[6.0,8.0)",24,24,2.9506765,3.420208,3.421609666666667,3.895045
10,FTB,Postpartum,8,10,9,"[8.0,10.0)",6,6,3.13752675,3.4978805,3.5344868333333332,4.011367
10,FTB,Postpartum,12,14,13,"[12.0,14.0)",8,8,2.9942080000000004,3.215834,3.3900705,3.6481209999999997
10,FTB,Postpartum,14,16,15,"[14.0,16.0)",12,12,2.6592905,3.027723,3.119373583333333,3.3059647500000002
10,FTB,Postpartum,16,18,17,"[16.0,18.0)",1,1,4.128421,4.128421,4.128421,4.128421
10,FTB,Postpartum,24,26,25,"[24.0,26.0)",2,2,2.7655024999999998,2.9738689999999997,2.9738689999999997,3.1822355
10,FTB,Postpartum,26,28,27,"[26.0,28.0)",11,11,2.8936605,3.158801,3.0945204545454548,3.1908835
10,FTB,Postpartum,28,30,29,"[28.0,30.0)",1,1,4.131779,4.131779,4.131779,4.131779
10,FTB,Postpartum,30,32,31,"[30.0,32.0)",2,2,3.5894285000000004,3.675975,3.675975,3.7625215
10,FTB,Postpartum,32,34,33,"[32.0,34.0)",1,1,3.71426,3.71426,3.71426,3.71426
10,FTB,Postpartum,34,36,35,"[34.0,36.0)",1,1,3.38197,3.38197,3.38197,3.38197
10,FTB,Postpartum,36,38,37,"[36.0,38.0)",1,1,3.812707,3.812707,3.812707,3.812707
10,FTB,Postpartum,38,40,39,"[38.0,40.0)",4,4,3.3804852499999996,3.8045419999999996,3.5100875,3.9341442499999997
10,FTB,Postpartum,40,42,41,"[40.0,42.0)",6,6,2.9781435,3.207904,3.1302891666666666,3.54823475
10,FTB,Postpartum,42,44,43,"[42.0,44.0)",2,2,3.17258075,3.2358725,3.2358725,3.29916425
10,FTB,Postpartum,44,46,45,"[44.0,46.0)",1,1,2.663547,2.663547,2.663547,2.663547
10,FTB,Postpartum,48,50,49,"[48.0,50.0)",1,1,2.91082,2.91082,2.91082,2.91082
10,FTB,Postpartum,50,52,51,"[50.0,52.0)",3,3,3.241694,3.414548,3.3154019999999997,3.438683
10,FTB,Postpartum,52,54,53,"[52.0,54.0)",5,5,2.952814,3.250316,3.4484848,3.39502
10,FTB,Postpartum,54,56,55,"[54.0,56.0)",4,4,2.3213945000000002,2.685853,2.5685925,2.933051
10,sPTB,Prepartum,-20,-18,-19,"[-20.0,-18.0)",2,2,2.5943405,2.631366,2.631366,2.6683915000000002
10,sPTB,Prepartum,-18,-16,-17,"[-18.0,-16.0)",17,17,1.729639,2.014782,2.2019004117647056,2.510059
10,sPTB,Prepartum,-16,-14,-15,"[-16.0,-14.0)",27,27,1.7285825,2.210981,2.3289264814814814,2.6928555000000003
10,sPTB,Prepartum,-14,-12,-13,"[-14.0,-12.0)",24,24,1.8088605,2.0189364999999997,2.151085856481482,2.3306352500000003
10,sPTB,Prepartum,-12,-10,-11,"[-12.0,-10.0)",21,21,1.5554,2.038656,2.201720285714286,2.782875
10,sPTB,Prepartum,-10,-8,-9,"[-10.0,-8.0)",8,8,1.49666925,1.736581,1.72773975,1.89251125
10,sPTB,Prepartum,-8,-6,-7,"[-8.0,-6.0)",6,6,1.585498,1.8649710000000002,1.8881711666666667,2.132747
10,sPTB,Prepartum,-6,-4,-5,"[-6.0,-4.0)",3,3,1.703862,1.869168,1.8664483333333333,2.0303945
10,sPTB,Prepartum,-4,-2,-3,"[-4.0,-2.0)",2,2,1.7268940000000002,1.873084,1.873084,2.0192740000000002
10,sPTB,Prepartum,-2,0,-1,"[-2.0,0.0)",9,9,1.49801,1.737924,1.75187,1.977823
10,sPTB,Postpartum,6,8,7,"[6.0,8.0)",9,9,3.33414,3.698894,3.821656,4.329331
10,sPTB,Postpartum,8,10,9,"[8.0,10.0)",2,2,2.63444175,2.6613854999999997,2.6613854999999997,2.68832925
10,sPTB,Postpartum,12,14,13,"[12.0,14.0)",1,1,3.988905,3.988905,3.988905,3.988905
10,sPTB,Postpartum,14,16,15,"[14.0,16.0)",2,2,3.2799115,4.193372,4.193372,5.1068325
10,sPTB,Postpartum,16,18,17,"[16.0,18.0)",1,1,3.425857,3.425857,3.425857,3.425857
10,sPTB,Postpartum,26,28,27,"[26.0,28.0)",2,2,3.4765474999999997,3.6368359999999997,3.6368359999999997,3.7971245000000002
10,sPTB,Postpartum,28,30,29,"[28.0,30.0)",2,2,2.9705445,2.999497,2.999497,3.0284495000000002
10,sPTB,Postpartum,38,40,39,"[38.0,40.0)",1,1,3.561299,3.561299,3.561299,3.561299
10,sPTB,Postpartum,42,44,43,"[42.0,44.0)",1,1,2.575475,2.575475,2.575475,2.575475
10,sPTB,Postpartum,48,50,49,"[48.0,50.0)",1,1,3.947721,3.947721,3.947721,3.947721
10,sPTB,Postpartum,52,54,53,"[52.0,54.0)",1,1,2.878971,2.878971,2.878971,2.878971
10,sPTB,Postpartum,58,60,59,"[58.0,60.0)",1,1,3.254268,3.254268,3.254268,3.254268
